2020-02-17 07:39:44.185906,newspicks, オフィス設置用「テレキューブ」のサブスクモデルにグループ用が追加  CNET Japan   ,/news/4640911?ref=index
2020-02-17 07:39:44.185946,newspicks, 米中「第１段階」合意発効＝初の関税下げ―摩擦緩和も火種残る  時事通信社   ,/news/4634893?ref=index
2020-02-17 07:39:44.185962,newspicks, 新型肺炎、死者１６００人超＝感染者６万８５００人―中国  時事通信社   ,/news/4638710?ref=index
2020-02-17 07:39:44.185974,newspicks, 仏で新型肺炎の死者＝中国人旅行者、アジア外で初  時事通信社   ,/news/4638003?ref=index
2020-02-17 07:39:44.185985,newspicks, 台湾で初の死者＝新型肺炎、持病ある６０代男性  時事通信社   ,/news/4640145?ref=index
2020-02-17 07:39:44.185996,newspicks, 仏ルノー、１９年通期決算は１０年ぶり赤字＝日産不振影響、新型肺炎に懸念  時事通信社   ,/news/4636017?ref=index
2020-02-17 07:39:44.186007,newspicks, トヨタ、中国工場の稼働再開＝１７日以降、本格復帰には時間  時事通信社   ,/news/4638463?ref=index
2020-02-17 07:39:44.186018,newspicks, 米国人女性の感染確認＝カンボジア下船客で初  時事通信社   ,/news/4638821?ref=index
2020-02-17 07:39:44.791630,Yahoo,客船米国人40人感染 帰国せず,https://news.yahoo.co.jp/pickup/6351400
2020-02-17 07:39:44.791680,Yahoo,政府「感染拡大」前提に対策,https://news.yahoo.co.jp/pickup/6351397
2020-02-17 07:39:44.791714,Yahoo,西日本 昼過ぎから大雪可能性,https://news.yahoo.co.jp/pickup/6351407
2020-02-17 07:39:44.791746,Yahoo,共産系と講師依頼撤回 区謝罪,https://news.yahoo.co.jp/pickup/6351408
2020-02-17 07:39:44.791777,Yahoo,英、BBC受信料の廃止検討か,https://news.yahoo.co.jp/pickup/6351403
2020-02-17 07:39:44.791808,Yahoo,東京マラソン 一般参加縮小か,https://news.yahoo.co.jp/pickup/6351401
2020-02-17 07:39:44.791843,Yahoo,岡田健史が刑事役 憧れた職業,https://news.yahoo.co.jp/pickup/6351406
2020-02-17 07:39:44.791874,Yahoo,伝説のデュオ 亀と山Pが復活,https://news.yahoo.co.jp/pickup/6351402
2020-02-17 07:39:44.949813,yomiuri,チャーター機第５便、羽田に到着…６５人搭乗,https://www.yomiuri.co.jp/politics/20200217-OYT1T50079/
2020-02-17 07:39:44.949906,yomiuri,ＪＲ中央線快速、運転見合わせ…国分寺駅で人身事故,https://www.yomiuri.co.jp/national/20200217-OYT1T50078/
2020-02-17 07:39:44.949940,yomiuri,スケート世界選手権、１５００メートルで高木美帆４位,https://www.yomiuri.co.jp/sports/winter/20200217-OYT1T50080/
2020-02-17 07:39:44.949972,yomiuri,元クルーズ船の１９人重症、集中治療室に…６０～８０歳代男女,https://www.yomiuri.co.jp/national/20200216-OYT1T50145/
2020-02-17 07:39:44.950001,yomiuri,西日本、平地でも警報級の大雪の可能性…東日本も夜から,https://www.yomiuri.co.jp/national/20200217-OYT1T50077/
2020-02-17 07:39:44.950031,yomiuri,菊之助さん主演、「ナウシカ歌舞伎」の舞台映像上映中…伝統的演出も駆使,https://www.yomiuri.co.jp/culture/tsumugu/20200216-OYT1T50156/
2020-02-17 07:39:44.950060,yomiuri,［スキャナー］新型肺炎専門家会議、沈静化へ議論…「高齢」「持病」に重点,https://www.yomiuri.co.jp/medical/20200216-OYT1T50148/
2020-02-17 07:39:44.950089,yomiuri,新型肺炎　天津　百貨店で集団感染　客ら４０人以上…２万人自宅待機,https://www.yomiuri.co.jp/world/20200217-OYT1T50030/
2020-02-17 07:39:44.950119,yomiuri,スルメイカ不漁で高騰…海水温変化　成育不良,https://www.yomiuri.co.jp/economy/20200216-OYT1T50169/
2020-02-18 07:23:46.544001,newspicks, 円相場、１０９円８６～８６銭＝１７日午後５時現在  時事通信社   ,/news/4642727?ref=index
2020-02-18 07:23:46.544058,newspicks, 韓国、大統領機で乗客ら移送へ＝クルーズ船、１８日にも―新型肺炎  時事通信社   ,/news/4643528?ref=index
2020-02-18 07:23:46.544084,newspicks, シャープが５Ｇスマホ＝国内初、中韓メーカーに対抗  時事通信社   ,/news/4642725?ref=index
2020-02-18 07:23:46.544098,newspicks, 積水ハウスで内紛再発＝前会長、社長退任を株主提案  時事通信社   ,/news/4642726?ref=index
2020-02-18 07:23:46.544110,newspicks, 「人戻らない」「終わり見えぬ」＝新型肺炎、相談会に７０社超―東京商工会議所  時事通信社   ,/news/4642724?ref=index
2020-02-18 07:23:46.544122,newspicks, ＮＥＣもテレワーク奨励＝新型肺炎対策、６万人対象  時事通信社   ,/news/4643076?ref=index
2020-02-18 07:23:46.544134,newspicks, トヨタ、中国生産再開＝本格稼働になお時間―新型肺炎  時事通信社   ,/news/4643073?ref=index
2020-02-18 07:23:46.544146,newspicks, チャーター機が米到着＝クルーズ船から３２８人退避―新型肺炎  時事通信社   ,/news/4642722?ref=index
2020-02-18 07:23:47.284625,Yahoo,西・東日本の日本海側 大雪に,https://news.yahoo.co.jp/pickup/6351503
2020-02-18 07:23:47.284754,Yahoo,破産ケフィア元代表ら逮捕へ,https://news.yahoo.co.jp/pickup/6351505
2020-02-18 07:23:47.284805,Yahoo,競艇不正 3年半で利益3億円超か,https://news.yahoo.co.jp/pickup/6351504
2020-02-18 07:23:47.284842,Yahoo,静岡で外国人夫妻刺す 男逃走,https://news.yahoo.co.jp/pickup/6351502
2020-02-18 07:23:47.284876,Yahoo,1歳暴行死 母の交際相手逮捕,https://news.yahoo.co.jp/pickup/6351487
2020-02-18 07:23:47.284909,Yahoo,国内大手初 auの残価設定型,https://news.yahoo.co.jp/pickup/6351492
2020-02-18 07:23:47.284942,Yahoo,ソニン NY修業が私を変えた,https://news.yahoo.co.jp/pickup/6351501
2020-02-18 07:23:47.284974,Yahoo,ワタナベマホト YouTube再開,https://news.yahoo.co.jp/pickup/6351495
2020-02-18 07:23:47.593304,yomiuri,北京モーターショー延期に…１００万人集まる巨大イベント,https://www.yomiuri.co.jp/economy/20200217-OYT1T50229/
2020-02-18 07:23:47.593359,yomiuri,小泉氏育休「１か月で１２日」…職員に取得促す,https://www.yomiuri.co.jp/politics/20200218-OYT1T50009/
2020-02-18 07:23:47.593396,yomiuri,東証１部上場企業、大幅減益か…３月期予想で下方修正相次ぐ,https://www.yomiuri.co.jp/economy/20200218-OYT1T50044/
2020-02-18 07:23:47.593430,yomiuri,野党、衆院予算委で「桜」前夜祭を追及…「ホテル側と首相の説明異なる」,https://www.yomiuri.co.jp/politics/20200218-OYT1T50019/
2020-02-18 07:23:47.593464,yomiuri,東京マラソン　３万８０００人走れず…参加料ムダ「仕方ない」,https://www.yomiuri.co.jp/national/20200218-OYT1T50097/
2020-02-18 07:23:47.593497,yomiuri,富士山の入山料、義務化検討で合意…２２年夏にも運用,https://www.yomiuri.co.jp/national/20200217-OYT1T50219/
2020-02-18 07:23:47.593530,yomiuri,同僚殺害容疑でミャンマー人の男を逮捕…背中に刺し傷、技能実習生どうしけんか？,https://www.yomiuri.co.jp/national/20200218-OYT1T50105/
2020-02-18 07:23:47.593564,yomiuri,【独自】ＡＳＥＡＮ、災害医療で連携…トリアージなど共通課程を日本が指導,https://www.yomiuri.co.jp/world/20200218-OYT1T50052/
2020-02-18 07:23:47.593598,yomiuri,春嶽の孫が残した東京五輪の資料を展示、後世に２０２０伝えたい［カウントダウン］,https://www.yomiuri.co.jp/olympic/2020/20200130-OYT1T50189/
2020-02-18 09:25:36.467676,newspicks, 東京株式　18日09時15分  共同通信   ,/news/1727583?ref=index
2020-02-18 09:25:36.467716,newspicks, 中国でのビーチバレー大会を延期　東京五輪以降に  共同通信   ,/news/4644399?ref=index
2020-02-18 09:25:36.467750,newspicks, クマの捕殺最多、5千頭以上に　餌不足や暖冬も影響、環境省集計  共同通信   ,/news/4644400?ref=index
2020-02-18 09:25:36.467763,newspicks, 寄り付きの日経平均は続落、120円安  Reuters   ,/news/4644392?ref=index
2020-02-18 09:25:36.467775,newspicks, 「フェイスブックがＥＵ基準に適合すべき」、欧州委員が批判  Reuters   ,/news/4644385?ref=index
2020-02-18 09:25:36.467805,newspicks, 新型肺炎、死者１８６３人に＝湖北省で９３人増―中国  時事通信社   ,/news/4644353?ref=index
2020-02-18 09:25:36.467836,newspicks, 日本は温室効果ガス削減強化を、機関投資家団体が安倍首相に書簡  Reuters   ,/news/4644367?ref=index
2020-02-18 09:25:36.467864,newspicks, 中部電力社長に林欣吾氏　持ち株会社移行で体制刷新  共同通信   ,/news/4644348?ref=index
2020-02-18 09:25:37.855736,Yahoo,西・東日本の日本海側 大雪に,https://news.yahoo.co.jp/pickup/6351503
2020-02-18 09:25:37.855835,Yahoo,厚労相 風邪症状なら休んで,https://news.yahoo.co.jp/pickup/6351518
2020-02-18 09:25:37.855883,Yahoo,新型肺炎の致死率は2% WHO,https://news.yahoo.co.jp/pickup/6351511
2020-02-18 09:25:37.855914,Yahoo,中国 回復者の血漿で患者治療,https://news.yahoo.co.jp/pickup/6351508
2020-02-18 09:25:37.855944,Yahoo,中国 監視技術で感染経路特定,https://news.yahoo.co.jp/pickup/6351513
2020-02-18 09:25:37.855975,Yahoo,GDPマイナス 景気後退入りか,https://news.yahoo.co.jp/pickup/6351517
2020-02-18 09:25:37.856005,Yahoo,東京マラソン 参加費返して,https://news.yahoo.co.jp/pickup/6351507
2020-02-18 09:25:37.856035,Yahoo,豆柴の大群 ナオが未成年飲酒,https://news.yahoo.co.jp/pickup/6351506
2020-02-18 09:25:38.426754,yomiuri,中国の感染者７万２４３６人、死者１８６８人に,https://www.yomiuri.co.jp/world/20200218-OYT1T50113/
2020-02-18 09:25:38.426844,yomiuri,「ケフィア事業振興会」元社長ら、出資法違反容疑…１０００億円返済不能か,https://www.yomiuri.co.jp/national/20200218-OYT1T50108/
2020-02-18 09:25:38.426881,yomiuri,【独自】ＡＳＥＡＮ、災害医療で連携…トリアージなど共通課程を日本が指導,https://www.yomiuri.co.jp/world/20200218-OYT1T50052/
2020-02-18 09:25:38.426915,yomiuri,北京モーターショー延期に…１００万人集まる巨大イベント,https://www.yomiuri.co.jp/economy/20200217-OYT1T50229/
2020-02-18 09:25:38.426950,yomiuri,富士山の入山料、義務化検討で合意…２２年夏にも運用,https://www.yomiuri.co.jp/national/20200217-OYT1T50219/
2020-02-18 09:25:38.426983,yomiuri,「即席麺は市の文化」、総務省へ陳情実りふるさと納税返礼品に,https://www.yomiuri.co.jp/national/20200218-OYT1T50107/
2020-02-18 09:25:38.427016,yomiuri,【独自】ヒブワクチン出荷停止…注射針にさび、接種受け付け中止も,https://www.yomiuri.co.jp/medical/20200218-OYT1T50078/
2020-02-18 09:25:38.427049,yomiuri,【独自】特定危険指定暴力団工藤会本部、１９日に所有権移転…売却益で被害者救済,https://www.yomiuri.co.jp/national/20200218-OYT1T50109/
2020-02-18 09:25:38.427083,yomiuri,東京マラソン、参加料返金されず…来年の参加は認める,https://www.yomiuri.co.jp/national/20200218-OYT1T50097/
2020-02-18 13:18:20.871258,newspicks, 新型肺炎、死者１８６８人に＝湖北以外の感染者増７９人―中国  時事通信社   ,/news/4644353?ref=index
2020-02-18 13:18:20.871304,newspicks, 中部電力、社長に林欣吾氏＝電事連会長は九州電力・池辺和弘氏  時事通信社   ,/news/4644898?ref=index
2020-02-18 13:18:20.871322,newspicks, 韓国、大統領専用機で５人移送へ＝クルーズ船乗客、１９日午前に  時事通信社   ,/news/4645074?ref=index
2020-02-18 13:18:20.871335,newspicks, 新型コロナウイルス感染の米国人、隔離施設へ＝帰国したクルーズ船乗客  時事通信社   ,/news/4644192?ref=index
2020-02-18 13:18:20.871347,newspicks, 米アップル、予想売上高未達へ＝新型肺炎が直撃―１～３月期  時事通信社   ,/news/4644414?ref=index
2020-02-18 13:18:20.871359,newspicks, 嵐の北京公演中止＝新型肺炎拡大で  時事通信社   ,/news/4643353?ref=index
2020-02-18 13:18:20.871371,newspicks, 中国、ビッグデータで感染経路特定＝新型肺炎、監視技術利用  時事通信社   ,/news/4644190?ref=index
2020-02-18 13:18:20.871383,newspicks, ソニー、すっきりスマートな完全ワイヤレス--ハイレゾ級高音質を小型に  CNET Japan   ,/news/4645041?ref=index
2020-02-18 13:18:22.291295,Yahoo,肺炎 抗エイズ薬臨床試験準備,https://news.yahoo.co.jp/pickup/6351529
2020-02-18 13:18:22.291383,Yahoo,自民 ANAホテルもう使わない,https://news.yahoo.co.jp/pickup/6351538
2020-02-18 13:18:22.291418,Yahoo,日系人収容 米加州で謝罪採択へ,https://news.yahoo.co.jp/pickup/6351533
2020-02-18 13:18:22.291450,Yahoo,英女王のおい離婚へ 孫に続き,https://news.yahoo.co.jp/pickup/6351535
2020-02-18 13:18:22.291481,Yahoo,乾燥する機内を加湿 なぜ可能,https://news.yahoo.co.jp/pickup/6351532
2020-02-18 13:18:22.291512,Yahoo,消える職人技 目視の天候観測,https://news.yahoo.co.jp/pickup/6351514
2020-02-18 13:18:22.291544,Yahoo,EXITアパレル進出「天狗活動」,https://news.yahoo.co.jp/pickup/6351537
2020-02-18 13:18:22.291575,Yahoo,未成年飲酒 豆柴・ナオが謝罪,https://news.yahoo.co.jp/pickup/6351523
2020-02-18 13:18:23.016954,yomiuri,モンゴル、愛知県岡崎市での五輪強化キャンプ中止…新型肺炎拡大で,https://www.yomiuri.co.jp/olympic/2020/20200218-OYT1T50156/
2020-02-18 13:18:23.017010,yomiuri,マスク増産へ、北京の工場が「６日間」の突貫工事,https://www.yomiuri.co.jp/world/20200218-OYT1T50149/
2020-02-18 13:18:23.017136,yomiuri,「封じ込めるのは乗客ではなくウイルス」…ＷＨＯが日本との連携強調,https://www.yomiuri.co.jp/national/20200218-OYT1T50141/
2020-02-18 13:18:23.017182,yomiuri,北海道の感染２人目は「石狩地方の日本人」…批判殺到し居住地域・国籍も公表,https://www.yomiuri.co.jp/national/20200218-OYT1T50122/
2020-02-18 13:18:23.017220,yomiuri,クルーズ船の感染者・陰性の同行者、藤田医科大が受け入れへ,https://www.yomiuri.co.jp/national/20200218-OYT1T50152/
2020-02-18 13:18:23.017255,yomiuri,「ケフィア事業振興会」元社長ら９人、出資法違反容疑で逮捕…１０００億円返済不能か,https://www.yomiuri.co.jp/national/20200218-OYT1T50108/
2020-02-18 13:18:23.017288,yomiuri,【独自】ヒブワクチン出荷停止…注射針にさび、接種受け付け中止も,https://www.yomiuri.co.jp/medical/20200218-OYT1T50078/
2020-02-18 13:18:23.017321,yomiuri,【独自】特定危険指定暴力団工藤会本部、１９日に所有権移転…売却益で被害者救済,https://www.yomiuri.co.jp/national/20200218-OYT1T50109/
2020-02-18 13:18:23.017353,yomiuri,東京マラソン、参加料返金されず…来年の参加は認める,https://www.yomiuri.co.jp/national/20200218-OYT1T50097/
2020-02-18 13:20:45.429145,newspicks, 5年債落札、野村証2132億円・三菱ＵＦＪＭＳ証1915億円＝市場筋  Reuters   ,/news/4645100?ref=index
2020-02-18 13:20:45.429182,newspicks, 英国、ダイヤモンド・プリンセスの自国民退避へ  Reuters   ,/news/4645099?ref=index
2020-02-18 13:20:45.429196,newspicks, モトローラの「Razr」、ディスプレイの折り目が早くも剥離との指摘  CNET Japan   ,/news/4644541?ref=index
2020-02-18 13:20:45.429211,newspicks, 新型肺炎、死者１８６８人に＝湖北以外の感染者増７９人―中国  時事通信社   ,/news/4644353?ref=index
2020-02-18 13:20:45.429224,newspicks, 中部電力、社長に林欣吾氏＝電事連会長は九州電力・池辺和弘氏  時事通信社   ,/news/4644898?ref=index
2020-02-18 13:20:45.429235,newspicks, 気候変動対策で１．１兆円基金＝長者番付首位のアマゾン創業者  時事通信社   ,/news/4644529?ref=index
2020-02-18 13:20:45.429246,newspicks, ＥＵ、フェイスブックＣＥＯに偽情報対応迫る＝規制強化の構え  時事通信社   ,/news/4644895?ref=index
2020-02-18 13:20:45.429257,newspicks, 新型コロナウイルス感染の米国人、隔離施設へ＝帰国したクルーズ船乗客  時事通信社   ,/news/4644192?ref=index
2020-02-18 13:20:48.851774,Yahoo,肺炎 抗エイズ薬臨床試験準備,https://news.yahoo.co.jp/pickup/6351529
2020-02-18 13:20:48.851824,Yahoo,自民 ANAホテルもう使わない,https://news.yahoo.co.jp/pickup/6351538
2020-02-18 13:20:48.851858,Yahoo,日系人収容 米加州で謝罪採択へ,https://news.yahoo.co.jp/pickup/6351533
2020-02-18 13:20:48.851890,Yahoo,英女王のおい離婚へ 孫に続き,https://news.yahoo.co.jp/pickup/6351535
2020-02-18 13:20:48.851921,Yahoo,乾燥する機内を加湿 なぜ可能,https://news.yahoo.co.jp/pickup/6351532
2020-02-18 13:20:48.851952,Yahoo,消える職人技 目視の天候観測,https://news.yahoo.co.jp/pickup/6351514
2020-02-18 13:20:48.851983,Yahoo,EXITアパレル進出「天狗活動」,https://news.yahoo.co.jp/pickup/6351537
2020-02-18 13:20:48.852014,Yahoo,未成年飲酒 豆柴・ナオが謝罪,https://news.yahoo.co.jp/pickup/6351523
2020-02-18 13:20:49.493326,yomiuri,モンゴル、愛知県岡崎市での五輪強化キャンプ中止…新型肺炎拡大で,https://www.yomiuri.co.jp/olympic/2020/20200218-OYT1T50156/
2020-02-18 13:20:49.493424,yomiuri,マスク増産へ、北京の工場が「６日間」の突貫工事,https://www.yomiuri.co.jp/world/20200218-OYT1T50149/
2020-02-18 13:20:49.493457,yomiuri,「封じ込めるのは乗客ではなくウイルス」…ＷＨＯが日本との連携強調,https://www.yomiuri.co.jp/national/20200218-OYT1T50141/
2020-02-18 13:20:49.493489,yomiuri,北海道の感染２人目は「石狩地方の日本人」…批判殺到し居住地域・国籍も公表,https://www.yomiuri.co.jp/national/20200218-OYT1T50122/
2020-02-18 13:20:49.493520,yomiuri,クルーズ船の感染者・陰性の同行者、藤田医科大が受け入れへ,https://www.yomiuri.co.jp/national/20200218-OYT1T50152/
2020-02-18 13:20:49.493582,yomiuri,「ケフィア事業振興会」元社長ら９人、出資法違反容疑で逮捕…１０００億円返済不能か,https://www.yomiuri.co.jp/national/20200218-OYT1T50108/
2020-02-18 13:20:49.493613,yomiuri,【独自】ヒブワクチン出荷停止…注射針にさび、接種受け付け中止も,https://www.yomiuri.co.jp/medical/20200218-OYT1T50078/
2020-02-18 13:20:49.493643,yomiuri,【独自】特定危険指定暴力団工藤会本部、１９日に所有権移転…売却益で被害者救済,https://www.yomiuri.co.jp/national/20200218-OYT1T50109/
2020-02-18 13:20:49.493673,yomiuri,東京マラソン、参加料返金されず…来年の参加は認める,https://www.yomiuri.co.jp/national/20200218-OYT1T50097/
2020-02-19 13:37:30.573294,newspicks, 大河、朝倉義景にユースケさん　NHKが新キャスト発表  共同通信   ,/news/4648457?ref=index
2020-02-19 13:37:30.573333,newspicks, ザッカーバーグCEOの自宅前でデモ--Facebookの政治広告ポリシーなどに抗議  CNET Japan   ,/news/4648431?ref=index
2020-02-19 13:37:30.573348,newspicks, 新年会出席、反省していると小泉氏  共同通信   ,/news/4648436?ref=index
2020-02-19 13:37:30.573360,newspicks, 新型の低価格「iPhone」にも新型コロナウイルスの影響か  CNET Japan   ,/news/4647699?ref=index
2020-02-19 13:37:30.573374,newspicks, 日本の不況は「ほぼ避けられない」　新型コロナウイルスの影響を各国メディアが報じる  ハフポスト日本版   ,/news/4648455?ref=index
2020-02-19 13:37:30.573387,newspicks, 顔をプリントしたマスク、着けたまま顔認識でロック解除も--デザイナー考案  CNET Japan   ,/news/4648046?ref=index
2020-02-19 13:37:30.573399,newspicks, 新型コロナ感染なら保育所は休園　厚労省が都道府県に周知  共同通信   ,/news/4648407?ref=index
2020-02-19 13:37:30.573410,newspicks, 首里城再建、ツアーで寄付金募る　沖縄出身「HY」、100万円  共同通信   ,/news/4648408?ref=index
2020-02-19 13:37:32.369876,Yahoo,肺炎 広がる批判に政府焦り,https://news.yahoo.co.jp/pickup/6351614
2020-02-19 13:37:32.369929,Yahoo,船内の対策「悲惨」教授批判,https://news.yahoo.co.jp/pickup/6351626
2020-02-19 13:37:32.369964,Yahoo,籠池夫妻に判決 謎残したまま,https://news.yahoo.co.jp/pickup/6351632
2020-02-19 13:37:32.369997,Yahoo,無症状 入院12.5日から2日へ,https://news.yahoo.co.jp/pickup/6351636
2020-02-19 13:37:32.370031,Yahoo,児相の設置 国が7割負担へ,https://news.yahoo.co.jp/pickup/6351625
2020-02-19 13:37:32.370063,Yahoo,日本がマラソン開催 中国驚き,https://news.yahoo.co.jp/pickup/6351615
2020-02-19 13:37:32.370095,Yahoo,張本勲氏、朗希はうわさ以上,https://news.yahoo.co.jp/pickup/6351628
2020-02-19 13:37:32.370128,Yahoo,仮装大賞 欽ちゃん不吉な予言,https://news.yahoo.co.jp/pickup/6351618
2020-02-19 13:37:33.240823,yomiuri,熱ある人、そのまま船内歩く…大学教授が船内リポート「感染防止策とられてない」,https://www.yomiuri.co.jp/national/20200219-OYT1T50142/
2020-02-19 13:37:33.240934,yomiuri,「森友」補助金詐取、籠池前理事長に懲役５年判決…妻も有罪,https://www.yomiuri.co.jp/national/20200219-OYT1T50143/
2020-02-19 13:37:33.240986,yomiuri,乗客ら順次、帰宅へ…本日中に５００人下船の見込み,https://www.yomiuri.co.jp/national/20200219-OYT1T50139/
2020-02-19 13:37:33.241021,yomiuri,乗客は「世界中に散らばるより望ましい」…ＷＨＯ、日本の対応に理解,https://www.yomiuri.co.jp/world/20200219-OYT1T50133/
2020-02-19 13:37:33.241054,yomiuri,相模原殺傷「事件がどれだけ悲惨でも無罪を」…弁護側の最終弁論,https://www.yomiuri.co.jp/national/20200219-OYT1T50147/
2020-02-19 13:37:33.241087,yomiuri,ロシア、中国人の入国禁止…中露関係全般に影響も,https://www.yomiuri.co.jp/world/20200219-OYT1T50131/
2020-02-19 13:37:33.241120,yomiuri,［政なび＋］官僚の働き方改革,https://www.yomiuri.co.jp/politics/20200218-OYT1T50172/
2020-02-19 13:37:33.241152,yomiuri,【独自】児相設置、国が７割負担へ…児童虐待への対応強化,https://www.yomiuri.co.jp/national/20200219-OYT1T50067/
2020-02-19 13:37:33.241184,yomiuri,［スポーツＢｉｚ　トピックス］「エアマックス」の再来、「厚底」人気加速…「箱根」以降ランナー以外も注目,https://www.yomiuri.co.jp/sports/etc/20200219-OYT1T50030/
2020-02-19 16:28:24.140257,newspicks, 民事裁判記録保存で新要領作成　判例集や記事の掲載基準  共同通信   ,/news/4648907?ref=index
2020-02-19 16:28:24.140307,newspicks, 西武、開幕投手はニール　辻監督が発表  共同通信   ,/news/4648908?ref=index
2020-02-19 16:28:24.140322,newspicks, 五輪チケット整理券抽選は20日　はがきで申し込み  共同通信   ,/news/4648891?ref=index
2020-02-19 16:28:24.140334,newspicks, 「ルンバ」新商品はD形　壁際の掃除しやすく  共同通信   ,/news/4648893?ref=index
2020-02-19 16:28:24.140345,newspicks, アングル：新型ウイルス感染拡大、「大揺れ」のクルーズ業界  Reuters   ,/news/4648879?ref=index
2020-02-19 16:28:24.140357,newspicks, 日経平均は5日ぶり反発、円安を好感　自律反発との見方も  Reuters   ,/news/4648895?ref=index
2020-02-19 16:28:24.140369,newspicks, 韓国の裁判所、新興企業タダのライドシェアを合法と判断  Reuters   ,/news/4648877?ref=index
2020-02-19 16:28:24.140380,newspicks, 李元大統領に懲役17年実刑判決　韓国高裁、再び拘束  共同通信   ,/news/4648846?ref=index
2020-02-19 16:28:25.740271,Yahoo,女性死亡の病院 患者2人感染,https://news.yahoo.co.jp/pickup/6351635
2020-02-19 16:28:25.740332,Yahoo,船内対策への批判 菅氏が反論,https://news.yahoo.co.jp/pickup/6351630
2020-02-19 16:28:25.740370,Yahoo,トランプ氏 五輪出席を検討,https://news.yahoo.co.jp/pickup/6351640
2020-02-19 16:28:25.740408,Yahoo,出生率0.98 韓国の女性に何が,https://news.yahoo.co.jp/pickup/6351637
2020-02-19 16:28:25.740443,Yahoo,児相で女児追い返す 報告せず,https://news.yahoo.co.jp/pickup/6351648
2020-02-19 16:28:25.740477,Yahoo,気象庁 43年ぶり台風に命名,https://news.yahoo.co.jp/pickup/6351651
2020-02-19 16:28:25.740517,Yahoo,赤福 暴力団代紋入り焼酎製造,https://news.yahoo.co.jp/pickup/6351650
2020-02-19 16:28:25.740611,Yahoo,楽天 打撃投手が頭蓋骨骨折,https://news.yahoo.co.jp/pickup/6351644
2020-02-19 16:28:26.300005,yomiuri,【独自】小６女児を追い返した児相、数秒で対応打ち切り…名前も聞かず,https://www.yomiuri.co.jp/national/20200219-OYT1T50180/
2020-02-19 16:28:26.300057,yomiuri,熱ある人、そのまま船内歩く…大学教授が船内リポート「感染防止策とられてない」,https://www.yomiuri.co.jp/national/20200219-OYT1T50142/
2020-02-19 16:28:26.300092,yomiuri,２階から３か月長女落として殺害、市職員の女に有罪判決…「産後うつ」認定,https://www.yomiuri.co.jp/national/20200219-OYT1T50210/
2020-02-19 16:28:26.300126,yomiuri,乗客ら順次帰宅へ「とにかくほっとした」…本日中に５００人下船,https://www.yomiuri.co.jp/national/20200219-OYT1T50139/
2020-02-19 16:28:26.300159,yomiuri,地球周回する宇宙旅行、来年末にも…５日間で搭乗費は数億円か,https://www.yomiuri.co.jp/science/20200219-OYT1T50137/
2020-02-19 16:28:26.300191,yomiuri,トランプ氏「米国はビジネスを開放している！」…対中輸出規制の強化否定,https://www.yomiuri.co.jp/economy/20200219-OYT1T50126/
2020-02-19 16:28:26.300227,yomiuri,与野党、会合に苦慮…立民握手なし・自民は大会延期も,https://www.yomiuri.co.jp/politics/20200218-OYT1T50304/
2020-02-19 16:28:26.300260,yomiuri,ｔｏｔｏ、「Ｂリーグ」も…超党派議連が検討,https://www.yomiuri.co.jp/politics/20200218-OYT1T50296/
2020-02-19 16:28:26.300292,yomiuri,［政なび＋］官僚の働き方改革,https://www.yomiuri.co.jp/politics/20200218-OYT1T50172/
2020-02-20 08:56:54.142611,newspicks, レイズの筒香が同僚投手と対戦　レッズ秋山も、大谷は105球  共同通信   ,/news/4650781?ref=index
2020-02-20 08:56:54.142652,newspicks, 新型肺炎でイベント中止、次々　感染リスク考慮  共同通信   ,/news/4650782?ref=index
2020-02-20 08:56:54.142666,newspicks, ナスダック　19日終値  共同通信   ,/news/1674298?ref=index
2020-02-20 08:56:54.142678,newspicks, ドイツで銃撃、8人死亡　西部ハーナウ、犯人は逃走  共同通信   ,/news/4650758?ref=index
2020-02-20 08:56:54.142690,newspicks, 米国務長官、記者追放の中国非難＝「言論統制より反論を」  時事通信社   ,/news/4650693?ref=index
2020-02-20 08:56:54.142704,newspicks, ラグビーTL、上々のスタート　W杯熱気で観客動員好調  共同通信   ,/news/4650761?ref=index
2020-02-20 08:56:54.142716,newspicks, 中国・新型肺炎、１月１１～２０日に感染急増＝初動遅れ鮮明、国営メディアも批判  時事通信社   ,/news/4650691?ref=index
2020-02-20 08:56:54.142730,newspicks, イランで２人死亡＝中東で初、感染経路不明―新型肺炎  時事通信社   ,/news/4650468?ref=index
2020-02-20 08:56:55.350378,Yahoo,ドイツで銃撃8人死亡 逃走,https://news.yahoo.co.jp/pickup/6351704
2020-02-20 08:56:55.350430,Yahoo,自治体 肺炎カギ握る情報発信,https://news.yahoo.co.jp/pickup/6351697
2020-02-20 08:56:55.350464,Yahoo,感染「ゼロ」の国 渦巻く疑念,https://news.yahoo.co.jp/pickup/6351700
2020-02-20 08:56:55.350497,Yahoo,各国チャーター機続々 帰国へ,https://news.yahoo.co.jp/pickup/6351696
2020-02-20 08:56:55.350528,Yahoo,ヘンリー王子夫妻 3月末引退,https://news.yahoo.co.jp/pickup/6351705
2020-02-20 08:56:55.350560,Yahoo,ストーカーアプリ 危険な現実,https://news.yahoo.co.jp/pickup/6351702
2020-02-20 08:56:55.350591,Yahoo,名古屋ウィメンズ 一般中止か,https://news.yahoo.co.jp/pickup/6351695
2020-02-20 08:56:55.350621,Yahoo,東出主演ドラマ打ち上げ中止?,https://news.yahoo.co.jp/pickup/6351694
2020-02-20 08:56:55.865436,yomiuri,和歌山の感染看護師が利用、新横浜から新大阪まで乗った新幹線の日時など公表,https://www.yomiuri.co.jp/national/20200220-OYT1T50107/
2020-02-20 08:56:55.865502,yomiuri,新たに５都道県で９人感染…相模原は院内感染の疑い強まる,https://www.yomiuri.co.jp/national/20200219-OYT1T50247/
2020-02-20 08:56:55.865551,yomiuri,中国の医師ら、院内感染３千人…睡眠４時間・休憩１回だけ,https://www.yomiuri.co.jp/world/20200220-OYT1T50023/
2020-02-20 08:56:55.865582,yomiuri,米紙「中国はアジアの病人」に中国「差別的だ」…記者３人を国外退去処分,https://www.yomiuri.co.jp/world/20200220-OYT1T50102/
2020-02-20 08:56:55.865613,yomiuri,赤福、暴力団「代紋」入り焼酎を製造・販売…会長辞任,https://www.yomiuri.co.jp/national/20200220-OYT1T50105/
2020-02-20 08:56:55.865644,yomiuri,［スキャナー］船内隔離、批判の声…「悲惨な状態」「悪い手本」,https://www.yomiuri.co.jp/national/20200220-OYT1T50041/
2020-02-20 08:56:55.865675,yomiuri,人事院局長、定年延長「つい言い間違えた」…答弁撤回,https://www.yomiuri.co.jp/politics/20200219-OYT1T50291/
2020-02-20 08:56:55.865705,yomiuri,「職務を遂行できなくなる」トランプ氏に苦言呈した司法長官、辞任検討か,https://www.yomiuri.co.jp/world/20200220-OYT1T50018/
2020-02-20 08:56:55.865738,yomiuri,［世界深層　ｉｎ‐ｄｅｐｔｈ］オランダ　認知症増　揺れる安楽死…意思確認難しく■医師　法的リスクも,https://www.yomiuri.co.jp/world/20200219-OYT1T50261/
2020-02-21 09:47:46.040350,newspicks, 日系人強制収容を謝罪＝米加州議会が決議―大統領令から７８年  時事通信社   ,/news/4653927?ref=index
2020-02-21 09:47:46.040446,newspicks, サッカー、鎌田が3得点で快勝　欧州L決勝T1回戦  共同通信   ,/news/4654207?ref=index
2020-02-21 09:47:46.040464,newspicks, ＥＵ首脳、21－27年の予算討議　加盟国間の亀裂鮮明  Reuters   ,/news/4653734?ref=index
2020-02-21 09:47:46.040478,newspicks, 東証、27円高　午前9時15分現在  共同通信   ,/news/4654181?ref=index
2020-02-21 09:47:46.040491,newspicks, ウクライナ、武漢退避者を拒否　村で騒動、治安部隊と衝突  共同通信   ,/news/4654182?ref=index
2020-02-21 09:47:46.040507,newspicks, レスリング文田が帰国　アジア選手権Vから帰国  共同通信   ,/news/4654183?ref=index
2020-02-21 09:47:46.040541,newspicks, 米、中国は通商合意順守と予想　新型肺炎にかかわらず＝財務省高官  Reuters   ,/news/4653733?ref=index
2020-02-21 09:47:46.040611,newspicks, 東京株式　21日09時15分  共同通信   ,/news/1619889?ref=index
2020-02-21 09:47:46.986428,Yahoo,WHO 2つの治療方法を試験中,https://news.yahoo.co.jp/pickup/6351796
2020-02-21 09:47:46.986479,Yahoo,新型 韓国で感染倍増100人超,https://news.yahoo.co.jp/pickup/6351795
2020-02-21 09:47:46.986514,Yahoo,新型影響 白い恋人の製造停止,https://news.yahoo.co.jp/pickup/6351803
2020-02-21 09:47:46.986546,Yahoo,大阪市 学校給食無償化を検討,https://news.yahoo.co.jp/pickup/6351801
2020-02-21 09:47:46.986577,Yahoo,SUV新型続々 今年のモデルは?,https://news.yahoo.co.jp/pickup/6351799
2020-02-21 09:47:46.986609,Yahoo,イチロー氏 マ軍始球式登板へ,https://news.yahoo.co.jp/pickup/6351802
2020-02-21 09:47:46.986639,Yahoo,J1開幕 補強成功したチームは,https://news.yahoo.co.jp/pickup/6351793
2020-02-21 09:47:46.986670,Yahoo,女優・笛木優子 第1子出産,https://news.yahoo.co.jp/pickup/6351798
2020-02-21 09:47:47.457585,yomiuri,クルーズ船乗客の死亡男性、ぜんそくの持病…感染後はエイズ薬投与で治療,https://www.yomiuri.co.jp/national/20200220-OYT1T50251/
2020-02-21 09:47:47.457647,yomiuri,韓国の教会で集団感染、感染者が検査拒み事態悪化か,https://www.yomiuri.co.jp/world/20200220-OYT1T50240/
2020-02-21 09:47:47.457686,yomiuri,東京五輪中止なら「ロンドンでやる」…市長候補ら主張,https://www.yomiuri.co.jp/olympic/2020/20200220-OYT1T50233/
2020-02-21 09:47:47.457721,yomiuri,北海道の町議が感染、雪まつりでスタッフ管理の４０代男性も,https://www.yomiuri.co.jp/national/20200220-OYT1T50246/
2020-02-21 09:47:47.457756,yomiuri,鎌田がハットトリック、フランクフルト快勝…欧州リーグ,https://www.yomiuri.co.jp/sports/soccer/20200221-OYT1T50061/
2020-02-21 09:47:47.457790,yomiuri,Ｗ杯放映権めぐり収賄か、ＦＩＦＡ元事務総長ら起訴…スイス検察,https://www.yomiuri.co.jp/sports/soccer/20200221-OYT1T50065/
2020-02-21 09:47:47.457825,yomiuri,［スキャナー］検事長定年延長が波紋…政府、苦肉の法解釈変更,https://www.yomiuri.co.jp/national/20200220-OYT1T50262/
2020-02-21 09:47:47.457859,yomiuri,中国産野菜が品薄で高騰、一部で国産と価格逆転,https://www.yomiuri.co.jp/economy/20200220-OYT1T50289/
2020-02-21 09:47:47.457893,yomiuri,【独自】遠征先から帰国できない中国代表、日本が受け入れへ…卓球協会「ライバルであり友人」,https://www.yomiuri.co.jp/sports/etc/20200221-OYT1T50017/
2020-02-22 17:38:37.378088,newspicks, J1、柏とC大阪が勝利　開幕節、川崎はドロー  共同通信   ,/news/4658056?ref=index
2020-02-22 17:38:37.378140,newspicks, AI開発で障害者が活躍、青森　性能向上へ新たな雇用創出  共同通信   ,/news/4658058?ref=index
2020-02-22 17:38:37.378173,newspicks, カツオ博士目指し検定、鹿児島　枕崎市の小学生、体験も  共同通信   ,/news/4658060?ref=index
2020-02-22 17:38:37.378198,newspicks, 国民民主、衆院選へ全資源投入　党大会、提案路線アピール  共同通信   ,/news/4658022?ref=index
2020-02-22 17:38:37.378212,newspicks, 東京都在住の50代女性の感染確認  共同通信   ,/news/4657992?ref=index
2020-02-22 17:38:37.378237,newspicks, 近大相撲部、伊東監督のお別れ会　教え子の徳勝龍ら参列  共同通信   ,/news/4657993?ref=index
2020-02-22 17:38:37.378247,newspicks, 京都の繁華街で衝突事故、歩行者ら4人けが  共同通信   ,/news/4657995?ref=index
2020-02-22 17:38:37.378258,newspicks, 新型コロナ「不確実性大きい」と日銀総裁  共同通信   ,/news/4657971?ref=index
2020-02-22 17:38:38.173486,Yahoo,客船の感染対策 ルール提起へ,https://news.yahoo.co.jp/pickup/6351945
2020-02-22 17:38:38.173552,Yahoo,新型対応 医師をバイ菌扱いか,https://news.yahoo.co.jp/pickup/6351949
2020-02-22 17:38:38.173586,Yahoo,京都で歩道に車 4人重軽傷,https://news.yahoo.co.jp/pickup/6351954
2020-02-22 17:38:38.173617,Yahoo,Office解除キー 不正販売か,https://news.yahoo.co.jp/pickup/6351942
2020-02-22 17:38:38.173648,Yahoo,自殺シーンやめて Netflix契機,https://news.yahoo.co.jp/pickup/6351948
2020-02-22 17:38:38.173683,Yahoo,楽天・松井6失点 先発に課題,https://news.yahoo.co.jp/pickup/6351952
2020-02-22 17:38:38.173713,Yahoo,お茶の水博士の声 勝田氏死去,https://news.yahoo.co.jp/pickup/6351956
2020-02-22 17:38:38.173743,Yahoo,中居の退所会見 なぜテレ朝,https://news.yahoo.co.jp/pickup/6351947
2020-02-22 17:38:38.427390,yomiuri,厚労相「インフル薬が効くなら全国展開を」…中国で効果確認,https://www.yomiuri.co.jp/politics/20200222-OYT1T50145/
2020-02-22 17:38:38.427456,yomiuri,中国へ渡航歴なし・感染者と接触なし…経路不明増加、ＷＨＯが危機感,https://www.yomiuri.co.jp/world/20200222-OYT1T50146/
2020-02-22 17:38:38.427489,yomiuri,社民党の新党首、無投票で福島瑞穂氏を選出,https://www.yomiuri.co.jp/politics/20200222-OYT1T50215/
2020-02-22 17:38:38.427521,yomiuri,北海道で新たに男女８人確認…感染者倍増、計１６人に,https://www.yomiuri.co.jp/national/20200222-OYT1T50159/
2020-02-22 17:38:38.427552,yomiuri,千葉市立中の女性教諭が感染、教職員の発熱状況調査へ…熊本などでも新たに３人,https://www.yomiuri.co.jp/national/20200222-OYT1T50148/
2020-02-22 17:38:38.427582,yomiuri,Ｊ２から昇格の柏、札幌に快勝…Ｊ１開幕節,https://www.yomiuri.co.jp/sports/soccer/20200222-OYT1T50217/
2020-02-22 17:38:38.427613,yomiuri,巨人・中島、左翼へ２試合連続弾…６－２で日ハム下す,https://www.yomiuri.co.jp/sports/npb/20200222-OYT1T50214/
2020-02-22 17:38:38.427642,yomiuri,中国人留学生１０万人、豪に入国できず…精神的ケアの支援策も,https://www.yomiuri.co.jp/world/20200222-OYT1T50038/
2020-02-22 17:38:38.427672,yomiuri,「日本は感染大国」報道も…与野党「情報発信の強化を」,https://www.yomiuri.co.jp/politics/20200221-OYT1T50249/
2020-02-22 17:38:38.427702,yomiuri,あおり運転、警察ヘリが監視・パトカー急行…「空陸一体」摘発奏功,https://www.yomiuri.co.jp/national/20200222-OYT1T50130/
2020-02-23 12:10:42.729063,newspicks, 韓国の死者4人に、新型コロナで　感染者556人、宗教団体で拡大  共同通信   ,/news/4659261?ref=index
2020-02-23 12:10:42.729103,newspicks, サンダース氏が連勝＝米民主指名争い第３戦―大統領選  時事通信社   ,/news/4659292?ref=index
2020-02-23 12:10:42.729119,newspicks, 札幌市で新たに1人感染　70代日本人男性、道内18人目  共同通信   ,/news/4659241?ref=index
2020-02-23 12:10:42.729136,newspicks, 卓球女子複、石川・平野組が優勝　ハンガリー・オープン  共同通信   ,/news/4659243?ref=index
2020-02-23 12:10:42.729148,newspicks, ロナルド、セリエA記録に並ぶ　出場11試合連続ゴール  共同通信   ,/news/4659216?ref=index
2020-02-23 12:10:42.729160,newspicks, ハワイで得する｢楽天カード｣の“特典クーポン”とは？ 加盟店での買い物が「10％オフ」になる割引優待や、 プレゼントがもらえる“特典クーポン”の使い方を解説 - クレジットカードおすすめ最新ニュース  Diamond Online   ,/news/4659174?ref=index
2020-02-23 12:10:42.729194,newspicks, 新型肺炎、札幌市で新たに1人の感染者  共同通信   ,/news/4659180?ref=index
2020-02-23 12:10:42.729206,newspicks, 新型ウイルス、日本への懸念の声なかった＝Ｇ２０で麻生財務相  Reuters   ,/news/4659189?ref=index
2020-02-23 12:10:43.510709,Yahoo,新型コロナ 休業時の保障は,https://news.yahoo.co.jp/pickup/6352003
2020-02-23 12:10:43.510782,Yahoo,SARS 日本はあの時どう闘った,https://news.yahoo.co.jp/pickup/6352004
2020-02-23 12:10:43.510835,Yahoo,マスク不足 花粉症重なる悩み,https://news.yahoo.co.jp/pickup/6352008
2020-02-23 12:10:43.510869,Yahoo,沈黙続ける北朝鮮 次の動きは,https://news.yahoo.co.jp/pickup/6352009
2020-02-23 12:10:43.510902,Yahoo,追い返した児相 専門家の視点,https://news.yahoo.co.jp/pickup/6352006
2020-02-23 12:10:43.510934,Yahoo,雅子さま スーツに学ぶ生き方,https://news.yahoo.co.jp/pickup/6352013
2020-02-23 12:10:43.510965,Yahoo,与田祐希 初映画で飛び蹴り,https://news.yahoo.co.jp/pickup/6352012
2020-02-23 12:10:43.510997,Yahoo,けんか芸 実は事務所に確認済,https://news.yahoo.co.jp/pickup/6352016
2020-02-23 12:10:43.854980,yomiuri,知事「国は対応が必要ではないか」…栃木の女性、下船後に陽性,https://www.yomiuri.co.jp/national/20200223-OYT1T50129/
2020-02-23 12:10:43.855055,yomiuri,札幌市で新たに７０代男性感染…道内で１８例目,https://www.yomiuri.co.jp/national/20200223-OYT1T50145/
2020-02-23 12:10:43.855093,yomiuri,陽性ロシア男女２人、愛知の施設退所…特別機で出国,https://www.yomiuri.co.jp/national/20200223-OYT1T50143/
2020-02-23 12:10:43.855128,yomiuri,日本渡航を米疾病対策センター、「予防措置を強めよ」に引き上げ,https://www.yomiuri.co.jp/world/20200223-OYT1T50144/
2020-02-23 12:10:43.855162,yomiuri,イタリアで２人目の死者、感染新たに５８人…ミラノやトリノなど都市部にも拡大,https://www.yomiuri.co.jp/world/20200223-OYT1T50124/
2020-02-23 12:10:43.855215,yomiuri,クルーズ船乗客２３人、検査受けずに下船…厚労相「確認ミス」,https://www.yomiuri.co.jp/national/20200222-OYT1T50288/
2020-02-23 12:10:43.855265,yomiuri,名古屋高速、料金収受会社の事務員感染で料金所５か所を閉鎖,https://www.yomiuri.co.jp/national/20200223-OYT1T50089/
2020-02-23 12:10:43.855335,yomiuri,教諭・子供の感染で学校の警戒感強まる…最大２週間の休校検討も,https://www.yomiuri.co.jp/national/20200223-OYT1T50099/
2020-02-23 12:10:43.855389,yomiuri,【独自】被害者支援の条例化進まず…都道府県・政令市で２５自治体のみ,https://www.yomiuri.co.jp/national/20200223-OYT1T50051/
2020-02-23 12:10:43.855440,yomiuri,開き直って金メダル取った、ヒーローになれるのが五輪の醍醐味［カウントダウン］,https://www.yomiuri.co.jp/olympic/2020/20200205-OYT1T50186/
